{
  "BabyBossIdle": {
    "Frame0": [ 0.0, 60.0, 60.0, 0.0 ],
    "NumFrames": 1,
    "Repeating": true,
    "SecsPerFrame": 0.30000001192092896
  },
  "BabyBossShakeToy": {
    "Frame0": [ 60.0, 60.0, 120.0, 0.0 ],
    "Frame1": [ 120.0, 60.0, 180.0, 0.0 ],
    "Frame2": [ 180.0, 60.0, 240.0, 0.0 ],
    "NumFrames": 3,
    "Repeating": true,
    "SecsPerFrame": 1
  },
  "BabyBossSuckRight": {
    "Frame0": [ 240.0, 60.0, 300.0, 0.0 ],
    "Frame1": [ 300.0, 60.0, 360.0, 0.0 ],
    "NumFrames": 2,
    "Repeating": true,
    "SecsPerFrame": 0.30000001192092896
  },
  "BabyBossSuckLeft": {
    "Frame0": [ 360.0, 60.0, 420.0, 0.0 ],
    "Frame1": [ 420.0, 60.0, 480.0, 0.0 ],
    "NumFrames": 2,
    "Repeating": true,
    "SecsPerFrame": 0.30000001192092896
  },
  "BabyBossFall": {
    "Frame0": [ 480.0, 60.0, 540.0, 0.0 ],
    "NumFrames": 1,
    "Repeating": true,
    "SecsPerFrame": 1
  }
}