{"ATKLEFT":{"Frame0":[120.0,70.0,60.0,140.0],"Frame1":[60.0,0.0,0.0,70.0],"NumFrames":2,"Repeating":false,"SecsPerFrame":0.30000001192092896},"ATKRIGHT":{"Frame0":[120.0,140.0,60.0,210.0],"Frame1":[60.0,70.0,0.0,140.0],"NumFrames":2,"Repeating":false,"SecsPerFrame":0.30000001192092896},"IDLELEFT":{"Frame0":[60.0,210.0,0.0,280.0],"Frame1":[180.0,210.0,120.0,280.0],"Frame2":[60.0,210.0,0.0,280.0],"Frame3":[180.0,0.0,120.0,70.0],"NumFrames":4,"Repeating":true,"SecsPerFrame":0.30000001192092896},"IDLERIGHT":{"Frame0":[120.0,210.0,120.0,280.0],"Frame1":[240.0,0.0,180.0,70.0],"Frame2":[120.0,210.0,120.0,280.0],"Frame3":[180.0,140.0,120.0,210.0],"NumFrames":4,"Repeating":true,"SecsPerFrame":0.30000001192092896}}