{
  "BooBossIdleRight": {
    "Frame0": [ 0.0, 80.0, 80.0, 0.0 ],
    "NumFrames": 1,
    "Repeating": true,
    "SecsPerFrame": 0.30000001192092896
  },
  "BooBossIdleLeft": {
    "Frame0": [ 80.0, 80.0, 160.0, 0.0 ],
    "NumFrames": 1,
    "Repeating": true,
    "SecsPerFrame": 0.30000001192092896
  },
  "BooBossLeftStun": {
    "Frame0": [ 160.0, 80.0, 240.0, 0.0 ],
    "Frame1": [ 240.0, 80.0, 320.0, 0.0 ],
    "NumFrames": 2,
    "Repeating": true,
    "SecsPerFrame": 0.30000001192092896
  },
  "BooBossRightStun": {
    "Frame0": [ 320.0, 80.0, 400.0, 0.0 ],
    "Frame1": [ 400.0, 80.0, 480.0, 0.0 ],
    "NumFrames": 2,
    "Repeating": true,
    "SecsPerFrame": 0.30000001192092896
  },
  "BooBossRightSquash": {
    "Frame0": [ 480.0, 80.0, 560.0, 0.0 ],
    "NumFrames": 1,
    "Repeating": true,
    "SecsPerFrame": 0.30000001192092896
  },
  "BooBossLeftSquash": {
    "Frame0": [ 560.0, 80.0, 640.0, 0.0 ],
    "NumFrames": 1,
    "Repeating": true,
    "SecsPerFrame": 0.30000001192092896
  }
}