{
  "Boss2IdleBrush": {
    "Frame0": [ 0.0, 70.0, 60.0, 0.0 ],
    "Frame1": [ 60.0, 70.0, 120.0, 0.0 ],
    "NumFrames": 2,
    "Repeating": true,
    "SecsPerFrame": 0.30000001192092896
  },
  "Boss2SuckLeft": {
    "Frame0": [ 120.0, 70.0, 180.0, 0.0 ],
    "Frame1": [ 180.0, 70.0, 240.0, 0.0 ],
    "NumFrames": 2,
    "Repeating": true,
    "SecsPerFrame": 0.30000001192092896
  },
  "Boss2SuckRight": {
    "Frame0": [ 240.0, 70.0, 300.0, 0.0 ],
    "Frame1": [ 300.0, 70.0, 360.0, 0.0 ],
    "NumFrames": 2,
    "Repeating": true,
    "SecsPerFrame": 0.30000001192092896
  },
  "Boss2FixCurtains": {
    "Frame0": [ 360.0, 70.0, 420.0, 0.0 ],
    "Frame1": [ 420.0, 70.0, 480.0, 0.0 ],
    "NumFrames": 2,
    "Repeating": true,
    "SecsPerFrame": 0.30000001192092896
  }
}