{"ATKLEFT":{"Frame0":[280.0,0.0,350.0,60.0],"Frame1":[420.0,0.0,490.0,60.0],"NumFrames":2,"Repeating":true,"SecsPerFrame":0.30000001192092896},"ATKRIGHT":{"Frame0":[350.0,0.0,420.0,60.0],"Frame1":[490.0,0.0,560.0,60.0],"NumFrames":2,"Repeating":true,"SecsPerFrame":0.30000001192092896},"IDLELEFT":{"Frame0":[140.0,0.0,210.0,60.0],"Frame1":[0.0,0.0,70.0,60.0],"NumFrames":2,"Repeating":true,"SecsPerFrame":0.30000001192092896},"IDLERIGHT":{"Frame0":[210.0,0.0,280.0,60.0],"Frame1":[70.0,0.0,140.0,60.0],"NumFrames":2,"Repeating":true,"SecsPerFrame":0.30000001192092896}}