{"ATKLEFT":{"Frame0":[60.0,0.0,0.0,70.0],"Frame1":[180.0,0.0,120.0,70.0],"NumFrames":2,"Repeating":true,"SecsPerFrame":0.30000001192092896},"ATKRIGHT":{"Frame0":[60.0,70.0,0.0,140.0],"Frame1":[180.0,70.0,120.0,140.0],"NumFrames":2,"Repeating":true,"SecsPerFrame":0.30000001192092896},"HLDLEFT":{"Frame0":[180.0,0.0,120.0,70.0],"NumFrames":1,"Repeating":false,"SecsPerFrame":0.30000001192092896},"HLDRIGHT":{"Frame0":[180.0,70.0,120.0,140.0],"NumFrames":1,"Repeating":false,"SecsPerFrame":0.30000001192092896},"IDLELEFT":{"Frame0":[120.0,0.0,60.0,70.0],"Frame1":[60.0,140.0,0.0,210.0],"NumFrames":2,"Repeating":true,"SecsPerFrame":0.30000001192092896},"IDLERIGHT":{"Frame0":[120.0,70.0,60.0,140.0],"Frame1":[120.0,140.0,60.0,210.0],"NumFrames":2,"Repeating":true,"SecsPerFrame":0.30000001192092896}}